{
    "personalTheme": {
        "colorRowEven": {
            "r": 0.760784387588501,
            "g": 0.760784387588501,
            "b": 0.760784387588501,
            "a": 1.0
        },
        "colorRowOdd": {
            "r": 0.7830188870429993,
            "g": 0.7830188870429993,
            "b": 0.7830188870429993,
            "a": 1.0
        },
        "colorGrid": {
            "r": 0.0,
            "g": 0.0,
            "b": 0.0,
            "a": 0.16078431904315949
        },
        "colorTreeView": {
            "r": 0.47843137383461,
            "g": 0.47843137383461,
            "b": 0.47843137383461,
            "a": 1.0
        },
        "colorLockIcon": {
            "r": 0.3176470696926117,
            "g": 0.3176470696926117,
            "b": 0.3176470696926117,
            "a": 1.0
        },
        "tagColor": {
            "r": 0.0,
            "g": 0.0,
            "b": 0.0,
            "a": 1.0
        },
        "layerColor": {
            "r": 0.0,
            "g": 0.0,
            "b": 0.0,
            "a": 1.0
        },
        "comSelBGColor": {
            "r": 0.9198113083839417,
            "g": 0.9645066857337952,
            "b": 1.0,
            "a": 1.0
        },
        "selectionColor": {
            "r": 0.0,
            "g": 0.5490196347236633,
            "b": 1.0,
            "a": 0.501960813999176
        },
        "colorHeaderTitle": {
            "r": 0.0784313753247261,
            "g": 0.0784313753247261,
            "b": 0.0784313753247261,
            "a": 1.0
        },
        "colorHeaderBackground": {
            "r": 0.9098039269447327,
            "g": 0.9098039269447327,
            "b": 0.9098039269447327,
            "a": 1.0
        }
    },
    "professionalTheme": {
        "colorRowEven": {
            "r": 0.21176470816135407,
            "g": 0.21176470816135407,
            "b": 0.21176470816135407,
            "a": 1.0
        },
        "colorRowOdd": {
            "r": 0.21960784494876862,
            "g": 0.21960784494876862,
            "b": 0.21960784494876862,
            "a": 1.0
        },
        "colorGrid": {
            "r": 0.16078431904315949,
            "g": 0.16078431904315949,
            "b": 0.16078431904315949,
            "a": 1.0
        },
        "colorTreeView": {
            "r": 0.41960784792900088,
            "g": 0.41960784792900088,
            "b": 0.41960784792900088,
            "a": 1.0
        },
        "colorLockIcon": {
            "r": 0.6980392336845398,
            "g": 0.6980392336845398,
            "b": 0.6980392336845398,
            "a": 1.0
        },
        "tagColor": {
            "r": 0.7058823704719544,
            "g": 0.7058823704719544,
            "b": 0.7058823704719544,
            "a": 1.0
        },
        "layerColor": {
            "r": 0.7058823704719544,
            "g": 0.7058823704719544,
            "b": 0.7058823704719544,
            "a": 1.0
        },
        "comSelBGColor": {
            "r": 1.0,
            "g": 0.16078431904315949,
            "b": 0.16078431904315949,
            "a": 0.5529412031173706
        },
        "selectionColor": {
            "r": 0.1725490242242813,
            "g": 0.364705890417099,
            "b": 0.529411792755127,
            "a": 1.0
        },
        "colorHeaderTitle": {
            "r": 0.8235294818878174,
            "g": 0.8235294818878174,
            "b": 0.8235294818878174,
            "a": 0.0
        },
        "colorHeaderBackground": {
            "r": 0.501960813999176,
            "g": 0.501960813999176,
            "b": 0.501960813999176,
            "a": 0.3607843220233917
        }
    },
    "playmodeTheme": {
        "colorRowEven": {
            "r": 0.1378546804189682,
            "g": 0.06311418116092682,
            "b": 0.12532220780849458,
            "a": 1.0
        },
        "colorRowOdd": {
            "r": 0.14296039938926698,
            "g": 0.06545174866914749,
            "b": 0.12996377050876618,
            "a": 1.0
        },
        "colorGrid": {
            "r": 0.10466744005680084,
            "g": 0.04792002961039543,
            "b": 0.09515205025672913,
            "a": 1.0
        },
        "colorTreeView": {
            "r": 0.2731564939022064,
            "g": 0.1250595897436142,
            "b": 0.24832363426685334,
            "a": 1.0
        },
        "colorLockIcon": {
            "r": 0.4544098675251007,
            "g": 0.20804305374622346,
            "b": 0.41309913992881777,
            "a": 1.0
        },
        "tagColor": {
            "r": 0.45951560139656069,
            "g": 0.21038061380386353,
            "b": 0.41774070262908938,
            "a": 1.0
        },
        "layerColor": {
            "r": 0.45951560139656069,
            "g": 0.21038061380386353,
            "b": 0.41774070262908938,
            "a": 1.0
        },
        "comSelBGColor": {
            "r": 0.6509804129600525,
            "g": 0.04792002961039543,
            "b": 0.09515205025672913,
            "a": 0.5529412031173706
        },
        "selectionColor": {
            "r": 0.11232603341341019,
            "g": 0.10869665443897248,
            "b": 0.313305526971817,
            "a": 1.0
        },
        "colorHeaderTitle": {
            "r": 0.5361015796661377,
            "g": 0.24544405937194825,
            "b": 0.48736417293548586,
            "a": 1.0
        },
        "colorHeaderBackground": {
            "r": 0.3267666697502136,
            "g": 0.14960399270057679,
            "b": 0.2970600724220276,
            "a": 1.0
        }
    },
    "activeHierarchy": true,
    "displayCustomObjectIcon": true,
    "displayTreeView": true,
    "displayRowBackground": true,
    "displayGrid": true,
    "displayStaticButton": true,
    "offSetIconAfterName": 8,
    "displayComponents": true,
    "componentAlignment": 1,
    "componentDisplayMode": 3,
    "components": [
        "Transform",
        "RectTransform"
    ],
    "componentLimited": 0,
    "componentSize": 16,
    "componentSpacing": 2,
    "displayTag": true,
    "tagAlignment": 0,
    "displayLayer": true,
    "layerAlignment": 0,
    "applyStaticTargetAndChild": true,
    "applyTagTargetAndChild": false,
    "applyLayerTargetAndChild": true,
    "separatorStartWith": "--->",
    "separatorDefaultTag": "Untagged",
    "useInstantBackground": true,
    "instantBackgroundColors": [],
    "onlyDisplayWhileMouseEnter": false,
    "contentDisplay": 1
}